时间,PCB_SN,
2025-11-16 00:11:17,EP113001001620364148
2025-11-16 00:11:25,EP113001001620364155
2025-11-16 00:11:32,EP113001001620364162
2025-11-16 00:11:40,EP113001001620364163
2025-11-16 00:11:49,EP113001001620365964
2025-11-16 00:11:57,EP113001001620364149
2025-11-16 00:11:05,EP113001001620364141
2025-11-16 00:11:13,EP113001001620364161
2025-11-16 00:11:21,EP113001001620364153
2025-11-16 00:11:29,EP113001001620365951
2025-11-16 00:11:37,EP113001001620364150
2025-11-16 00:11:46,EP113001001620364152
2025-11-16 00:11:54,EP113001001620364157
2025-11-16 00:11:33,EP113001001620364164
2025-11-16 00:11:40,EP113001001620365953
2025-11-16 00:11:53,EP113001001620364156
2025-11-16 00:11:25,EP113001001620364154
2025-11-16 00:11:33,EP113001001620364147
2025-11-16 00:11:49,EP113001001620364160
2025-11-16 00:11:21,EP113001001620365944
2025-11-16 00:11:37,EP113001001620364146
2025-11-16 00:11:50,EP113001001620364151
2025-11-16 00:11:15,EP113001001620364158
2025-11-16 00:11:22,EP113001001620364159
2025-11-16 00:11:36,EP113001001620365952
2025-11-16 00:11:48,EP113001001620364145
2025-11-16 01:11:04,EP113001001620364142
2025-11-16 01:11:15,EP113001001620365935
2025-11-16 01:11:31,EP113001001620365937
2025-11-16 01:11:42,EP113001001620365941
2025-11-16 01:11:00,EP113001001620364135
2025-11-16 01:11:11,EP113001001620364143
2025-11-16 01:11:29,EP113001001620365936
2025-11-16 01:11:39,EP113001001620365938
2025-11-16 01:11:52,EP113001001620365942
2025-11-16 01:11:08,EP113001001620364136
2025-11-16 01:11:23,EP113001001620364144
2025-11-16 01:11:37,EP113001001620365939
2025-11-16 01:11:55,EP113001001620365940
2025-11-16 01:11:11,EP113001001620365943
2025-11-16 01:11:27,EP113001001620365958
2025-11-16 01:11:41,EP113001001620365959
2025-11-16 01:11:59,EP113001001620366064
2025-11-16 01:11:14,EP113001001620366063
2025-11-16 01:11:28,EP113001001620366070
2025-11-16 01:11:45,EP113001001620365947
2025-11-16 01:11:02,EP113001001620365960
2025-11-16 01:11:20,EP113001001620366075
2025-11-16 01:11:33,EP113001001620366083
2025-11-16 01:11:51,EP113001001620366056
2025-11-16 01:11:05,EP113001001620365957
2025-11-16 01:11:22,EP113001001620365961
2025-11-16 01:11:38,EP113001001620366074
2025-11-16 01:11:54,EP113001001620366084
2025-11-16 01:11:11,EP113001001620366069
2025-11-16 01:11:27,EP113001001620365956
2025-11-16 01:11:41,EP113001001620365962
2025-11-16 01:11:56,EP113001001620366071
2025-11-16 01:11:13,EP113001001620366073
2025-11-16 01:11:29,EP113001001620366065
2025-11-16 01:11:45,EP113001001620365955
2025-11-16 01:11:00,EP113001001620365963
2025-11-16 01:11:06,EP113001001620366062
2025-11-16 01:11:14,EP113001001620366072
2025-11-16 01:11:23,EP113001001620366082
2025-11-16 01:11:31,EP113001001620365948
2025-11-16 01:11:39,EP113001001620365954
2025-11-16 01:11:47,EP113001001620366055
2025-11-16 01:11:55,EP113001001620366057
2025-11-16 01:11:03,EP113001001620366066
2025-11-16 01:11:12,EP113001001620365949
2025-11-16 01:11:20,EP113001001620365950
2025-11-16 01:11:29,EP113001001620366058
2025-11-16 01:11:39,EP113001001620366060
2025-11-16 01:11:48,EP113001001620366076
2025-11-16 01:11:02,EP113001001620365946
2025-11-16 01:11:16,EP113001001620365945
2025-11-16 01:11:32,EP113001001620366059
2025-11-16 01:11:00,EP113001001620366061
2025-11-16 01:11:13,EP113001001620366068
2025-11-16 01:11:32,EP113001001620367339
2025-11-16 01:11:41,EP113001001620367340
2025-11-16 01:11:56,EP113001001620366589
2025-11-16 01:11:09,EP113001001620366594
2025-11-16 01:11:22,EP113001001620366581
2025-11-16 01:11:37,EP113001001620367341
2025-11-16 01:11:51,EP113001001620367342
2025-11-16 01:11:12,EP113001001620366577
2025-11-16 01:11:26,EP113001001620366580
2025-11-16 01:11:42,EP113001001620366578
2025-11-16 01:11:55,EP113001001620367338
2025-11-16 01:11:14,EP113001001620367343
2025-11-16 01:11:27,EP113001001620366568
2025-11-16 01:11:50,EP113001001620366569
2025-11-16 01:11:03,EP113001001620366582
2025-11-16 01:11:19,EP113001001620367337
2025-11-16 01:11:33,EP113001001620367344
2025-11-16 01:11:52,EP113001001620366572
2025-11-16 01:11:05,EP113001001620366570
2025-11-16 01:11:21,EP113001001620366585
2025-11-16 01:11:34,EP113001001620367327
2025-11-16 01:11:50,EP113001001620367336
2025-11-16 01:11:09,EP113001001620366567
2025-11-16 01:11:20,EP113001001620366574
2025-11-16 01:11:31,EP113001001620366586
2025-11-16 01:11:47,EP113001001620367328
2025-11-16 01:11:57,EP113001001620367335
2025-11-16 01:11:14,EP113001001620366566
2025-11-16 01:11:24,EP113001001620366573
2025-11-16 01:11:41,EP113001001620366587
2025-11-16 01:11:49,EP113001001620367325
2025-11-16 01:11:57,EP113001001620367329
2025-11-16 01:11:06,EP113001001620366565
2025-11-16 01:11:14,EP113001001620366579
2025-11-16 01:11:21,EP113001001620366571
2025-11-16 01:11:30,EP113001001620367326
2025-11-16 01:11:38,EP113001001620367324
2025-11-16 01:11:46,EP113001001620366576
2025-11-16 01:11:55,EP113001001620366575
2025-11-16 01:11:03,EP113001001620366588
2025-11-16 01:11:27,EP113001001620366017
2025-11-16 01:11:37,EP113001001620366008
2025-11-16 01:11:04,EP113001001620366020
2025-11-16 01:11:16,EP113001001620366019
2025-11-16 01:11:33,EP113001001620365999
2025-11-16 01:11:43,EP113001001620366021
2025-11-16 01:11:00,EP113001001620365996
2025-11-16 01:11:11,EP113001001620366018
2025-11-16 01:11:29,EP113001001620366007
2025-11-16 01:11:42,EP113001001620365998
2025-11-16 01:11:53,EP113001001620366022
2025-11-16 01:11:09,EP113001001620366016
2025-11-16 01:11:20,EP113001001620366005
2025-11-16 01:11:37,EP113001001620365997
2025-11-16 01:11:48,EP113001001620365995
2025-11-16 01:11:01,EP113001001620366014
2025-11-16 01:11:16,EP113001001620366002
2025-11-16 01:11:29,EP113001001620366015
2025-11-16 01:11:48,EP113001001620366003
2025-11-16 01:11:02,EP113001001620366006
2025-11-16 01:11:18,EP113001001620366023
2025-11-16 01:11:31,EP113001001620366011
2025-11-16 01:11:56,EP113001001620366012
2025-11-16 01:11:09,EP113001001620366010
2025-11-16 01:11:25,EP113001001620364138
2025-11-16 01:11:38,EP113001001620366592
2025-11-16 01:11:54,EP113001001620366593
2025-11-16 01:11:07,EP113001001620366001
2025-11-16 01:11:23,EP113001001620366000
2025-11-16 01:11:39,EP113001001620364137
2025-11-16 01:11:54,EP113001001620366584
2025-11-16 01:11:11,EP113001001620366583
2025-11-16 01:11:26,EP113001001620366024
2025-11-16 01:11:45,EP113001001620366013
2025-11-16 01:11:01,EP113001001620364140
2025-11-16 01:11:19,EP113001001620366590
2025-11-16 01:11:30,EP113001001620366591
2025-11-16 01:11:47,EP113001001620366009
2025-11-16 01:11:58,EP113001001620366004
2025-11-16 01:11:11,EP113001001620364139
2025-11-16 01:11:31,EP113001001620367673
2025-11-16 01:11:43,EP113001001620367674
2025-11-16 01:11:54,EP113001001620367666
2025-11-16 01:11:07,EP113001001620367665
2025-11-16 01:11:25,EP113001001620367672
2025-11-16 01:11:39,EP113001001620367664
2025-11-16 01:11:58,EP113001001620367663
2025-11-16 01:11:14,EP113001001620367671
2025-11-16 01:11:31,EP113001001620367668
2025-11-16 01:11:46,EP113001001620367670
2025-11-16 01:11:03,EP113001001620367652
2025-11-16 01:11:17,EP113001001620367651
2025-11-16 01:11:32,EP113001001620367661
2025-11-16 01:11:44,EP113001001620367662
2025-11-16 01:11:01,EP113001001620367667
2025-11-16 01:11:13,EP113001001620367649
2025-11-16 01:11:28,EP113001001620367650
2025-11-16 01:11:39,EP113001001620367654
2025-11-16 01:11:53,EP113001001620367653
2025-11-16 01:11:08,EP113001001620367669
2025-11-16 01:11:23,EP113001001620367647
2025-11-16 01:11:40,EP113001001620367648
2025-11-16 01:11:00,EP113001001620367645
2025-11-16 01:11:09,EP113001001620367646
2025-11-16 01:11:25,EP113001001620364096
2025-11-16 01:11:38,EP113001001620366229
2025-11-16 01:11:56,EP113001001620366230
2025-11-16 01:11:12,EP113001001620367655
2025-11-16 01:11:26,EP113001001620367660
2025-11-16 01:11:42,EP113001001620364098
2025-11-16 01:11:55,EP113001001620366228
2025-11-16 01:11:11,EP113001001620366227
2025-11-16 01:11:27,EP113001001620367656
2025-11-16 01:11:40,EP113001001620367659
2025-11-16 01:11:57,EP113001001620364079
2025-11-16 01:11:11,EP113001001620366217
2025-11-16 01:11:34,EP113001001620366226
2025-11-16 01:11:46,EP113001001620367657
2025-11-16 01:11:05,EP113001001620367658
2025-11-16 01:11:18,EP113001001620364078
2025-11-16 01:11:37,EP113001001620364097
2025-11-16 01:11:47,EP113001001620364102
2025-11-16 01:11:11,EP113001001620364087
2025-11-16 01:11:24,EP113001001620364101
2025-11-16 01:11:40,EP113001001620367334
2025-11-16 01:11:55,EP113001001620364088
2025-11-16 01:11:11,EP113001001620364104
2025-11-16 01:11:30,EP113001001620364086
2025-11-16 01:11:47,EP113001001620364085
2025-11-16 01:11:41,EP113001001620367330
2025-11-16 01:11:49,EP113001001620364084
2025-11-16 01:11:58,EP113001001620364103
2025-11-16 01:11:06,EP113001001620364075
2025-11-16 01:11:14,EP113001001620364076
2025-11-16 01:11:31,EP113001001620367333
2025-11-16 01:11:45,EP113001001620364089
2025-11-16 01:11:11,EP113001001620364094
2025-11-16 01:11:28,EP113001001620364077
2025-11-16 01:11:40,EP113001001620364095
2025-11-16 01:11:57,EP113001001620367331
2025-11-16 01:11:24,EP113001001620364090
2025-11-16 01:11:35,EP113001001620364093
2025-11-16 01:11:01,EP113001001620364099
2025-11-16 01:11:09,EP113001001620364100
2025-11-16 01:11:18,EP113001001620367332
2025-11-16 01:11:27,EP113001001620364083
2025-11-16 01:11:37,EP113001001620364092
2025-11-16 01:11:49,EP113001001620367315
2025-11-16 01:11:58,EP113001001620367316
2025-11-16 02:11:37,EP113001001620367323
2025-11-16 02:11:46,EP113001001620364080
2025-11-16 02:11:06,EP113001001620364091
2025-11-16 02:11:23,EP113001001620367317
2025-11-16 02:11:35,EP113001001620367318
2025-11-16 02:11:47,EP113001001620367321
2025-11-16 02:11:03,EP113001001620364082
2025-11-16 02:11:17,EP113001001620364081
2025-11-16 02:11:32,EP113001001620367319
2025-11-16 02:11:45,EP113001001620367320
2025-11-16 02:11:02,EP113001001620367322
2025-11-16 02:11:17,EP113001001620366206
2025-11-16 02:11:33,EP113001001620366221
2025-11-16 02:11:47,EP113001001620366220
2025-11-16 02:11:03,EP113001001620366223
2025-11-16 02:11:16,EP113001001620366234
2025-11-16 02:11:32,EP113001001620365985
2025-11-16 02:11:47,EP113001001620365984
2025-11-16 02:11:03,EP113001001620365986
2025-11-16 02:11:16,EP113001001620365992
2025-11-16 02:11:31,EP113001001620366214
2025-11-16 02:11:46,EP113001001620365980
2025-11-16 02:11:02,EP113001001620365981
2025-11-16 02:11:19,EP113001001620365975
2025-11-16 02:11:36,EP113001001620365974
2025-11-16 02:11:54,EP113001001620366219
2025-11-16 02:11:10,EP113001001620365973
2025-11-16 02:11:30,EP113001001620365982
2025-11-16 02:11:46,EP113001001620365966
2025-11-16 02:11:00,EP113001001620365967
2025-11-16 02:11:17,EP113001001620366215
2025-11-16 02:11:31,EP113001001620365968
2025-11-16 02:11:44,EP113001001620365970
2025-11-16 02:11:07,EP113001001620365965
2025-11-16 02:11:46,EP113001001620365976
2025-11-16 02:11:54,EP113001001620366216
2025-11-16 02:11:03,EP113001001620365972
2025-11-16 02:11:11,EP113001001620365971
2025-11-16 02:11:19,EP113001001620365977
2025-11-16 02:11:27,EP113001001620365978
2025-11-16 02:11:39,EP113001001620366205
2025-11-16 02:11:50,EP113001001620365969
2025-11-16 02:11:07,EP113001001620365983
2025-11-16 02:11:17,EP113001001620365987
2025-11-16 02:11:34,EP113001001620365979
2025-11-16 02:11:44,EP113001001620366224
2025-11-16 02:11:58,EP113001001620365991
2025-11-16 02:11:13,EP113001001620365989
2025-11-16 02:11:28,EP113001001620366225
2025-11-16 02:11:54,EP113001001620366233
2025-11-16 02:11:02,EP113001001620366218
2025-11-16 02:11:27,EP113001001620366231
2025-11-16 02:11:34,EP113001001620366207
2025-11-16 02:11:46,EP113001001620366212
2025-11-16 02:11:05,EP113001001620366213
2025-11-16 02:11:18,EP113001001620366222
2025-11-16 02:11:01,EP113001001620366232
2025-11-16 02:11:15,EP113001001620366209
2025-11-16 02:11:32,EP113001001620366210
2025-11-16 02:11:48,EP113001001620366208
2025-11-16 02:11:01,EP113001001620366211
2025-11-16 02:11:17,EP113001001620366157
2025-11-16 02:11:29,EP113001001620366167
2025-11-16 02:11:45,EP113001001620366168
2025-11-16 02:11:58,EP113001001620366170
2025-11-16 02:11:13,EP113001001620366171
2025-11-16 02:11:27,EP113001001620366145
2025-11-16 02:11:42,EP113001001620366146
2025-11-16 02:11:56,EP113001001620366159
2025-11-16 02:11:11,EP113001001620366165
2025-11-16 02:11:24,EP113001001620366158
2025-11-16 02:11:30,EP113001001620366154
2025-11-16 02:11:38,EP113001001620366164
2025-11-16 02:11:06,EP113001001620366147
2025-11-16 02:11:14,EP113001001620366163
2025-11-16 02:11:22,EP113001001620366156
2025-11-16 02:11:31,EP113001001620366153
2025-11-16 02:11:11,EP113001001620366161
2025-11-16 02:11:25,EP113001001620366160
2025-11-16 02:11:40,EP113001001620366174
2025-11-16 02:11:43,EP113001001620366172
2025-11-16 02:11:57,EP113001001620366148
2025-11-16 02:11:11,EP113001001620366151
2025-11-16 02:11:28,EP113001001620366152
2025-11-16 02:11:41,EP113001001620366162
2025-11-16 02:11:56,EP113001001620366155
2025-11-16 02:11:10,EP113001001620366169
2025-11-16 02:11:26,EP113001001620366173
2025-11-16 02:11:39,EP113001001620366149
2025-11-16 02:11:52,EP113001001620366150
2025-11-16 02:11:13,EP113001001620366166
2025-11-16 02:11:28,EP113001001620367642
2025-11-16 02:11:46,EP113001001620367644
2025-11-16 02:11:01,EP113001001620367641
2025-11-16 02:11:19,EP113001001620367643
2025-11-16 02:11:30,EP113001001620367636
2025-11-16 02:11:46,EP113001001620367635
2025-11-16 02:11:56,EP113001001620367633
2025-11-16 02:11:11,EP113001001620367628
2025-11-16 02:11:26,EP113001001620367629
2025-11-16 02:11:42,EP113001001620367615
2025-11-16 02:11:55,EP113001001620367623
2025-11-16 02:11:08,EP113001001620367631
2025-11-16 02:11:23,EP113001001620367630
2025-11-16 02:11:36,EP113001001620367634
2025-11-16 02:11:55,EP113001001620367624
2025-11-16 02:11:08,EP113001001620367616
2025-11-16 02:11:32,EP113001001620367619
2025-11-16 02:11:45,EP113001001620367617
2025-11-16 02:11:03,EP113001001620367622
2025-11-16 02:11:17,EP113001001620367625
2025-11-16 02:11:35,EP113001001620364068
2025-11-16 02:11:47,EP113001001620367618
2025-11-16 02:11:11,EP113001001620367621
2025-11-16 02:11:19,EP113001001620367620
2025-11-16 02:11:40,EP113001001620367632
2025-11-16 02:11:53,EP113001001620364069
2025-11-16 02:11:09,EP113001001620364070
2025-11-16 02:11:23,EP113001001620364057
2025-11-16 02:11:41,EP113001001620364067
2025-11-16 02:11:54,EP113001001620364056
2025-11-16 02:11:13,EP113001001620364072
2025-11-16 02:11:26,EP113001001620364047
2025-11-16 02:11:43,EP113001001620364066
2025-11-16 02:11:56,EP113001001620364055
2025-11-16 02:11:16,EP113001001620364045
2025-11-16 02:11:29,EP113001001620364073
2025-11-16 02:11:49,EP113001001620364060
2025-11-16 02:11:03,EP113001001620364065
2025-11-16 02:11:21,EP113001001620364053
2025-11-16 02:11:34,EP113001001620364071
2025-11-16 02:11:54,EP113001001620365058
2025-11-16 02:11:07,EP113001001620365059
2025-11-16 02:11:23,EP113001001620365060
2025-11-16 02:11:37,EP113001001620365061
2025-11-16 02:11:00,EP113001001620365988
2025-11-16 02:11:13,EP113001001620365057
2025-11-16 02:11:30,EP113001001620365056
2025-11-16 02:11:43,EP113001001620365055
2025-11-16 02:11:12,EP113001001620365062
2025-11-16 02:11:27,EP113001001620365990
2025-11-16 02:11:43,EP113001001620365047
2025-11-16 02:11:56,EP113001001620365048
2025-11-16 02:11:12,EP113001001620365049
2025-11-16 02:11:25,EP113001001620365063
2025-11-16 02:11:40,EP113001001620365993
2025-11-16 02:11:54,EP113001001620365046
2025-11-16 02:11:13,EP113001001620365045
2025-11-16 02:11:25,EP113001001620365050
2025-11-16 03:11:15,EP113001001620365054
2025-11-16 03:11:23,EP113001001620365994
2025-11-16 03:11:31,EP113001001620365043
2025-11-16 03:11:40,EP113001001620365052
2025-11-16 03:11:03,EP113001001620365044
2025-11-16 03:11:11,EP113001001620365051
2025-11-16 03:11:19,EP113001001620365053
2025-11-16 03:11:27,EP113001001620365038
2025-11-16 03:11:40,EP113001001620365041
2025-11-16 03:11:48,EP113001001620365037
2025-11-16 03:11:57,EP113001001620365042
2025-11-16 03:11:05,EP113001001620365036
2025-11-16 03:11:13,EP113001001620367639
2025-11-16 03:11:22,EP113001001620365064
2025-11-16 03:11:30,EP113001001620365035
2025-11-16 03:11:19,EP113001001620365039
2025-11-16 03:11:05,EP113001001620365040
2025-11-16 03:11:22,EP113001001620367626
2025-11-16 03:11:37,EP113001001620367627
2025-11-16 03:11:58,EP113001001620367638
2025-11-16 03:11:47,EP113001001620367637
2025-11-16 03:11:00,EP113001001620367640
2025-11-16 03:11:48,EP113001001620366620
2025-11-16 03:11:20,EP113001001620366623
2025-11-16 03:11:37,EP113001001620366617
2025-11-16 03:11:47,EP113001001620366614
2025-11-16 03:11:16,EP113001001620364046
2025-11-16 03:11:40,EP113001001620366621
2025-11-16 03:11:04,EP113001001620366622
2025-11-16 03:11:14,EP113001001620366608
2025-11-16 03:11:31,EP113001001620366613
2025-11-16 03:11:41,EP113001001620364054
2025-11-16 03:11:58,EP113001001620366616
2025-11-16 03:11:09,EP113001001620366615
2025-11-16 03:11:26,EP113001001620366606
2025-11-16 03:11:37,EP113001001620366605
2025-11-16 03:11:54,EP113001001620364058
2025-11-16 03:11:11,EP113001001620366609
2025-11-16 03:11:33,EP113001001620366610
2025-11-16 03:11:49,EP113001001620366607
2025-11-16 03:11:16,EP113001001620366624
2025-11-16 03:11:26,EP113001001620364059
2025-11-16 03:11:44,EP113001001620366604
2025-11-16 03:11:55,EP113001001620366611
2025-11-16 03:11:01,EP113001001620366619
2025-11-16 03:11:09,EP113001001620366618
2025-11-16 03:11:17,EP113001001620364048
2025-11-16 03:11:26,EP113001001620366595
2025-11-16 03:11:34,EP113001001620366603
2025-11-16 03:11:43,EP113001001620364051
2025-11-16 03:11:53,EP113001001620364050
2025-11-16 03:11:01,EP113001001620364049
2025-11-16 03:11:10,EP113001001620366596
2025-11-16 03:11:18,EP113001001620366819
2025-11-16 03:11:26,EP113001001620364064
2025-11-16 03:11:34,EP113001001620364061
2025-11-16 03:11:42,EP113001001620364074
2025-11-16 03:11:51,EP113001001620366597
2025-11-16 03:11:59,EP113001001620366598
2025-11-16 03:11:07,EP113001001620364062
2025-11-16 03:11:56,EP113001001620364052
2025-11-16 03:11:09,EP113001001620364063
2025-11-16 03:11:26,EP113001001620365625
2025-11-16 03:11:34,EP113001001620365609
2025-11-16 03:11:42,EP113001001620367595
2025-11-16 03:11:51,EP113001001620368149
2025-11-16 03:11:58,EP113001001620368109
2025-11-16 03:11:07,EP113001001620365584
2025-11-16 03:11:14,EP113001001620364149
2025-11-16 03:11:22,EP113001001620368148
2025-11-16 03:11:30,EP113001001620367700
2025-11-16 03:11:38,EP113001001620367731
2025-11-16 03:11:45,EP113001001620366561
2025-11-16 03:11:53,EP113001001620364561
2025-11-16 03:11:01,EP113001001620368006
2025-11-16 03:11:09,EP113001001620365825
2025-11-16 03:11:17,EP113001001620367424
2025-11-16 03:11:25,EP113001001620368025
2025-11-16 03:11:13,EP113001001620367986
2025-11-16 03:11:26,EP113001001620364192
2025-11-16 03:11:43,EP113001001620367406
2025-11-16 03:11:55,EP113001001620366080
2025-11-16 03:11:11,EP113001001620366079
2025-11-16 03:11:22,EP113001001620366078
2025-11-16 03:11:47,EP113001001620366081
2025-11-16 03:11:55,EP113001001620366077
2025-11-16 03:11:03,EP113001001620366067
2025-11-16 03:11:32,EP113001001620364097
2025-11-16 03:11:48,EP113001001620366003
2025-11-16 03:11:00,EP113001001620367342
2025-11-16 03:11:18,EP113001001620366565
2025-11-16 03:11:33,EP113001001620365960
2025-11-16 03:11:50,EP113001001620366590
2025-11-16 04:11:52,EP113001001620366612
2025-11-16 04:11:55,EP113001001620366160
2025-11-16 04:11:10,EP113001001620366147
2025-11-16 04:11:18,EP113001001620367334
